issued_at,id,remote_addr
2020-09-01 20:37:47.312388,112908,
2020-09-01 20:40:49.455584,112934,
2020-09-01 20:40:49.603085,112935,
2020-09-01 20:40:49.749476,112936,
2020-09-01 20:40:49.879594,112937,
2020-09-01 20:40:50.0115,112938,
2020-09-01 20:40:50.141517,112939,
2020-09-01 20:40:50.265277,112940,
2020-09-01 20:40:50.409505,112941,
2020-09-01 20:40:50.533962,112942,
2020-09-01 20:40:50.657568,112943,
2020-09-01 20:40:50.795564,112944,
2020-09-01 20:40:50.926437,112945,
2020-09-01 20:40:51.060528,112946,
2020-09-01 20:40:51.182767,112947,
2020-09-01 20:40:51.310541,112948,
2020-09-01 20:40:51.434425,112949,
2020-09-01 20:40:51.579925,112950,
2020-09-01 20:40:51.703567,112951,
2020-09-01 20:40:51.838066,112952,
2020-09-01 20:40:51.958761,112953,
2020-09-01 20:40:52.087665,112954,
2020-09-01 20:40:52.205362,112955,
2020-09-01 20:40:52.335834,112956,
2020-09-01 20:40:52.458578,112957,
2020-09-01 20:40:52.573283,112958,
2020-09-01 20:40:52.700806,112959,
2020-09-01 20:40:52.838416,112960,
2020-09-01 20:40:52.972612,112961,
2020-09-01 20:40:53.090926,112962,
2020-09-01 20:40:53.212455,112963,
2020-09-01 20:40:53.333547,112964,
2020-09-01 20:40:53.449571,112965,
2020-09-01 20:40:53.614723,112966,
2020-09-01 20:40:53.74846,112967,
2020-09-01 20:40:53.875582,112968,
2020-09-01 20:40:54.00096,112969,
2020-09-01 20:40:54.140062,112970,
2020-09-01 20:40:54.28023,112971,
2020-09-01 20:40:54.399665,112972,
2020-09-01 20:40:54.803965,112973,
2020-09-01 20:40:54.943855,112974,
2020-09-01 20:40:55.522667,112975,
2020-09-01 20:40:55.648944,112976,
2020-09-01 20:40:55.783082,112977,
2020-09-01 20:40:55.905977,112978,
2020-09-01 20:40:56.039994,112979,
2020-09-01 20:40:56.159311,112980,
2020-09-01 20:40:56.287323,112981,
2020-09-01 20:40:56.419585,112982,
2020-09-01 20:40:56.550029,112983,
2020-09-01 20:40:56.668993,112984,
2020-09-01 20:40:56.807973,112985,
2020-09-01 20:40:56.937406,112986,
2020-09-01 20:40:57.058393,112987,
2020-09-01 20:40:57.184804,112988,
2020-09-01 20:40:57.310806,112989,
2020-09-01 20:40:57.878746,112990,
